study_id,reactorcase_run_id,scenario,parameter_refit_performed,observed_co2_conversion_percent,co2_conversion_percent_pred,co2_conversion_residual,observed_meoh_selectivity_percent,meoh_selectivity_percent_pred,meoh_selectivity_residual,observed_meoh_yield_for_validation_percent,meoh_yield_percent_pred,meoh_yield_residual
WEI-2025,WEI-P50-T300,published_table_4_assignment,False,8.2,7.725372721921715,-0.47462727807828387,52.5,67.92937488728707,15.429374887287068,4.305,5.247797397714415,0.9427973977144148
WEI-2025,WEI-P50-T300,published_prose_swapped_assignment,False,8.2,7.725372721921715,-0.47462727807828387,52.5,67.92937488728707,15.429374887287068,4.305,5.247797397714415,0.9427973977144148
WEI-2025,WEI-P40-T300,published_table_4_assignment,False,7.5,7.117926095936585,-0.38207390406341535,46.0,64.9971369567573,18.997136956757302,3.45,4.62644817305667,1.17644817305667
WEI-2025,WEI-P40-T300,published_prose_swapped_assignment,False,7.5,7.117926095936585,-0.38207390406341535,46.0,64.9971369567573,18.997136956757302,3.45,4.62644817305667,1.17644817305667
WEI-2025,WEI-P30-T300,published_table_4_assignment,False,6.6,6.331271489560904,-0.26872851043909574,43.8,60.92343523566439,17.123435235664395,2.8908,3.8572280855367214,0.9664280855367213
WEI-2025,WEI-P30-T300,published_prose_swapped_assignment,False,6.6,6.331271489560904,-0.26872851043909574,43.8,60.92343523566439,17.123435235664395,2.8908,3.8572280855367214,0.9664280855367213
WEI-2025,WEI-P20-T300,published_table_4_assignment,False,5.1,5.25066275390023,0.15066275390023076,37.3,54.699045823555934,17.399045823555937,1.9023,2.8720624257962712,0.9697624257962711
WEI-2025,WEI-P20-T300,published_prose_swapped_assignment,False,5.1,5.25066275390023,0.15066275390023076,37.3,54.699045823555934,17.399045823555937,1.9023,2.8720624257962712,0.9697624257962711
WEI-2025,WEI-P10-T300,published_table_4_assignment,False,4.0,3.6016209828058794,-0.3983790171941206,33.2,43.44248196202021,10.242481962020207,1.328,1.564633545795779,0.2366335457957789
WEI-2025,WEI-P10-T300,published_prose_swapped_assignment,False,4.0,3.6016209828058794,-0.3983790171941206,33.2,43.44248196202021,10.242481962020207,1.328,1.564633545795779,0.2366335457957789
WEI-2025,WEI-T220-P50,published_table_4_assignment,False,1.1,0.5531281177777035,-0.5468718822222965,86.5,80.93900034369885,-5.560999656301149,0.9515,0.44769636914919053,-0.5038036308508095
WEI-2025,WEI-T220-P50,published_prose_swapped_assignment,False,1.1,0.9122513030885315,-0.18774869691146856,86.5,80.93347195915601,-5.566528040843991,0.9515,0.738316652582192,-0.21318334741780798
WEI-2025,WEI-T240-P50,published_table_4_assignment,False,1.4,1.1875430050995508,-0.21245699490044911,77.4,78.0628307875433,0.6628307875432995,1.0836,0.927029686600169,-0.15657031339983085
WEI-2025,WEI-T240-P50,published_prose_swapped_assignment,False,1.4,1.6693563281507156,0.26935632815071564,77.4,78.05294959503473,0.6529495950347268,1.0836,1.3029818533730004,0.21938185337300053
WEI-2025,WEI-T260-P50,published_table_4_assignment,False,2.6,2.381592726644966,-0.21840727335503418,66.3,75.09806653617079,8.798066536170793,1.7238,1.7885300904764407,0.06473009047644074
WEI-2025,WEI-T260-P50,published_prose_swapped_assignment,False,2.6,2.923833620933188,0.323833620933188,66.3,75.07527794251048,8.775277942510485,1.7238,2.195076217492159,0.4712762174921592
WEI-2025,WEI-T280-P50,published_table_4_assignment,False,4.7,4.470227295128081,-0.2297727048719196,58.6,71.94400555656613,13.344005556566124,2.7542,3.216060573598082,0.4618605735980821
WEI-2025,WEI-T280-P50,published_prose_swapped_assignment,False,4.7,4.896711744517117,0.19671174451711693,58.6,71.89299154924107,13.292991549241073,2.7542,3.520392560676387,0.7661925606763869
SUN-2015,SUN-P10-T250,published_table_4_assignment,False,0.12,0.5208338921279494,0.4008338921279494,58.33,56.41007572797948,-1.9199242720205163,0.07,0.29380279296635925,0.22380279296635924
SUN-2015,SUN-P10-T250,published_prose_swapped_assignment,False,0.12,0.5715926275020138,0.4515926275020138,58.33,56.398034208150236,-1.9319657918497626,0.07,0.3223670055898505,0.2523670055898505
SUN-2015,SUN-P10-T270,published_table_4_assignment,False,0.65,0.9416359941210521,0.2916359941210521,30.77,52.361589033863524,21.591589033863524,0.2,0.49305556943660056,0.29305556943660055
SUN-2015,SUN-P10-T270,published_prose_swapped_assignment,False,0.65,0.9843480923586581,0.33434809235865803,30.77,52.33499433287867,21.564994332878673,0.2,0.515158518351703,0.315158518351703
SUN-2015,SUN-P10-T290,published_table_4_assignment,False,1.35,1.5940820898516732,0.24408208985167312,31.11,47.82592705529416,16.71592705529416,0.42,0.7623845374939701,0.3423845374939701
SUN-2015,SUN-P10-T290,published_prose_swapped_assignment,False,1.35,1.6121517309312021,0.26215173093120203,31.11,47.796865514008594,16.686865514008595,0.42,0.7705579947149485,0.3505579947149485
SUN-2015,SUN-P10-T310,published_table_4_assignment,False,2.55,2.4782903927421693,-0.07170960725783049,24.31,41.1559567641046,16.845956764104603,0.62,1.0199641225259253,0.3999641225259253
SUN-2015,SUN-P10-T310,published_prose_swapped_assignment,False,2.55,2.4589868307492937,-0.09101316925070613,24.31,41.233541197071375,16.923541197071376,0.62,1.0139273478875697,0.39392734788756967
SUN-2015,SUN-P10-T330,published_table_4_assignment,False,4.35,3.4459465963515035,-0.9040534036484962,12.41,29.354611143397175,16.944611143397175,0.54,1.011544223568114,0.471544223568114
SUN-2015,SUN-P10-T330,published_prose_swapped_assignment,False,4.35,3.395884364254359,-0.9541156357456408,12.41,29.76899706065495,17.35899706065495,0.54,1.010920716578121,0.47092071657812107
SUN-2015,SUN-P10-T350,published_table_4_assignment,False,7.5,4.513247302549836,-2.9867526974501644,3.33,13.79187933313411,10.46187933313411,0.25,0.6224616219736036,0.37246162197360355
SUN-2015,SUN-P10-T350,published_prose_swapped_assignment,False,7.5,4.432898110949673,-3.0671018890503268,3.33,14.34003351076585,11.01003351076585,0.25,0.6356790746082893,0.3856790746082893
SUN-2015,SUN-P20-T250,published_table_4_assignment,False,0.22,0.7048103575236464,0.48481035752364643,72.73,65.03542554955408,-7.694574450445927,0.16,0.4583764153328369,0.2983764153328369
SUN-2015,SUN-P20-T250,published_prose_swapped_assignment,False,0.22,0.8284813508635478,0.6084813508635478,72.73,65.0231179519585,-7.706882048041507,0.16,0.5387044059819838,0.37870440598198374
SUN-2015,SUN-P20-T270,published_table_4_assignment,False,0.8,1.3149976087890485,0.5149976087890484,47.5,61.28886764937356,13.788867649373557,0.38,0.8059471440431469,0.42594714404314693
SUN-2015,SUN-P20-T270,published_prose_swapped_assignment,False,0.8,1.4289149518379656,0.6289149518379655,47.5,61.25996979741182,13.75996979741182,0.38,0.8753528679266394,0.49535286792663935
SUN-2015,SUN-P20-T290,published_table_4_assignment,False,1.8,2.298486488342652,0.4984864883426521,43.33,57.21339813668646,13.88339813668646,0.78,1.3150422256934249,0.5350422256934249
SUN-2015,SUN-P20-T290,published_prose_swapped_assignment,False,1.8,2.352247689901792,0.5522476899017918,43.33,57.17687214505207,13.846872145052075,0.78,1.3449416541900885,0.5649416541900885
SUN-2015,SUN-P20-T310,published_table_4_assignment,False,3.3,3.694203014145388,0.39420301414538805,37.88,51.543229792475174,13.663229792475171,1.25,1.9041115485815014,0.6541115485815014
SUN-2015,SUN-P20-T310,published_prose_swapped_assignment,False,3.3,3.6285844015217283,0.3285844015217285,37.88,51.664199434299995,13.784199434299993,1.25,1.874679081844087,0.624679081844087
SUN-2015,SUN-P20-T330,published_table_4_assignment,False,5.75,5.2390171875022515,-0.5109828124977485,24.0,41.03428964481544,17.034289644815438,1.38,2.1497934872613373,0.7697934872613375
SUN-2015,SUN-P20-T330,published_prose_swapped_assignment,False,5.75,5.052080669619982,-0.6979193303800182,24.0,41.934471614541984,17.934471614541984,1.38,2.118563334345554,0.738563334345554
SUN-2015,SUN-P20-T350,published_table_4_assignment,False,8.15,6.660719762184552,-1.4892802378154482,11.78,23.677332955099384,11.897332955099385,0.96,1.5770807952985402,0.6170807952985402
SUN-2015,SUN-P20-T350,published_prose_swapped_assignment,False,8.15,6.368060608501541,-1.781939391498459,11.78,25.71450411070977,13.934504110709769,0.96,1.6375152069456185,0.6775152069456185
SUN-2015,SUN-P30-T250,published_table_4_assignment,False,0.5,0.8107247714996558,0.3107247714996558,36.0,69.64629579555465,33.64629579555465,0.18,0.5646397724464848,0.3846397724464848
SUN-2015,SUN-P30-T250,published_prose_swapped_assignment,False,0.5,0.9931339765532324,0.49313397655323243,36.0,69.63541361420876,33.63541361420876,0.18,0.6915729523160824,0.5115729523160824
SUN-2015,SUN-P30-T270,published_table_4_assignment,False,0.9,1.5385249050954424,0.6385249050954424,53.33,66.1584730468906,12.828473046890608,0.48,1.0178645846572676,0.5378645846572676
SUN-2015,SUN-P30-T270,published_prose_swapped_assignment,False,0.9,1.712216016385848,0.812216016385848,53.33,66.13387740005237,12.803877400052372,0.48,1.1323548411006772,0.6523548411006772
SUN-2015,SUN-P30-T290,published_table_4_assignment,False,2.0,2.7394099257677422,0.7394099257677422,47.5,62.43399560182481,14.933995601824812,0.95,1.7103230725697844,0.7603230725697845
SUN-2015,SUN-P30-T290,published_prose_swapped_assignment,False,2.0,2.8248651004650926,0.8248651004650926,47.5,62.401679299651235,14.901679299651235,0.95,1.7627632606399979,0.8127632606399979
SUN-2015,SUN-P30-T310,published_table_4_assignment,False,3.45,4.505429607584328,1.055429607584328,44.93,57.5304490798816,12.6004490798816,1.55,2.591993886221211,1.041993886221211
SUN-2015,SUN-P30-T310,published_prose_swapped_assignment,False,3.45,4.394781634994804,0.9447816349948042,44.93,57.64721596949003,12.717215969490027,1.55,2.53346926051294,0.9834692605129398
SUN-2015,SUN-P30-T330,published_table_4_assignment,False,6.3,6.54335054092318,0.24335054092318043,31.11,48.558076705561504,17.448076705561505,1.96,3.1773251747752513,1.2173251747752514
SUN-2015,SUN-P30-T330,published_prose_swapped_assignment,False,6.3,6.2110787854529255,-0.08892121454707436,31.11,49.56649540006856,18.45649540006856,1.96,3.078614080486158,1.1186140804861582
SUN-2015,SUN-P30-T350,published_table_4_assignment,False,8.8,8.267511673730695,-0.5324883262693056,17.39,31.86074776552382,14.470747765523818,1.53,2.634091040852573,1.104091040852573
SUN-2015,SUN-P30-T350,published_prose_swapped_assignment,False,8.8,7.793356130661953,-1.0066438693380473,17.39,34.805254420000715,17.415254420000714,1.53,2.7124974291336166,1.1824974291336166
SUN-2015,SUN-P40-T250,published_table_4_assignment,False,0.25,0.8825959744502586,0.6325959744502586,96.0,72.68313445852604,-23.31686554147396,0.24,0.6414984188352196,0.40149841883521964
SUN-2015,SUN-P40-T250,published_prose_swapped_assignment,False,0.25,1.1127662412396708,0.8627662412396708,96.0,72.67335627615518,-23.326643723844825,0.24,0.8086845750168864,0.5686845750168864
SUN-2015,SUN-P40-T270,published_table_4_assignment,False,1.1,1.6936237993546994,0.5936237993546993,54.91,69.40109255929505,14.491092559295055,0.604,1.1753934205964045,0.5713934205964045
SUN-2015,SUN-P40-T270,published_prose_swapped_assignment,False,1.1,1.916945660553071,0.8169456605530709,54.91,69.38043296432473,14.47043296432473,0.604,1.329985198982555,0.7259851989825551
SUN-2015,SUN-P40-T290,published_table_4_assignment,False,2.05,3.0531812871017294,1.0031812871017296,51.22,65.934391270281,14.714391270280998,1.05,2.013096496028656,0.9630964960286559
SUN-2015,SUN-P40-T290,published_prose_swapped_assignment,False,2.05,3.165764365195287,1.1157643651952873,51.22,65.90715505897414,14.687155058974142,1.05,2.0864652289710066,1.0364652289710066
SUN-2015,SUN-P40-T310,published_table_4_assignment,False,4.2,5.105290407031178,0.9052904070311776,48.33,61.565966619105104,13.235966619105106,2.03,3.14312138780119,1.1131213878011903
SUN-2015,SUN-P40-T310,published_prose_swapped_assignment,False,4.2,4.953790245598634,0.7537902455986334,48.33,61.669263833387845,13.339263833387847,2.03,3.0549659763108528,1.024965976310853
SUN-2015,SUN-P40-T330,published_table_4_assignment,False,7.13,7.574530186368604,0.4445301863686044,39.55,53.8228022743094,14.272802274309406,2.82,4.076824405417053,1.2568244054170532
SUN-2015,SUN-P40-T330,published_prose_swapped_assignment,False,7.13,7.096645694428457,-0.033354305571543286,39.55,54.80212610484687,15.252126104846873,2.82,3.8891127226748687,1.069112722674869
SUN-2015,SUN-P40-T350,published_table_4_assignment,False,9.1,9.615991107416217,0.5159911074162178,24.95,38.41812248345059,13.468122483450589,2.27,3.694283241644879,1.4242832416448792
SUN-2015,SUN-P40-T350,published_prose_swapped_assignment,False,9.1,8.967493128529778,-0.13250687147022155,24.95,41.786184037566386,16.836184037566387,2.27,3.7471731822435723,1.4771731822435723
BECKER-2026,BECKER-NANO,published_table_4_assignment,False,0.53,0.10907082981397564,-0.4209291701860244,63.0,56.298626800091014,-6.701373199908986,0.3339,0.06140537942473256,-0.2724946205752674
BECKER-2026,BECKER-NANO,published_prose_swapped_assignment,False,0.53,0.10907082981397564,-0.4209291701860244,63.0,56.298626800091014,-6.701373199908986,0.3339,0.06140537942473256,-0.2724946205752674
BECKER-2026,BECKER-NANO-C650,published_table_4_assignment,False,0.28,0.13112718859374656,-0.14887281140625347,60.0,56.297115675521425,-3.7028843244785747,0.168,0.07382082504468063,-0.09417917495531938
BECKER-2026,BECKER-NANO-C650,published_prose_swapped_assignment,False,0.28,0.13112718859374656,-0.14887281140625347,60.0,56.297115675521425,-3.7028843244785747,0.168,0.07382082504468063,-0.09417917495531938
SUN-2020,SUN2020-PURE-T300,published_table_4_assignment,False,9.4,3.7126943812002047,-5.687305618799796,62.45,69.62959036305699,7.179590363056988,5.870300000000001,2.585133889061936,-3.285166110938065
SUN-2020,SUN2020-PURE-T300,published_prose_swapped_assignment,False,9.4,3.7126943812002047,-5.687305618799796,62.45,69.62959036305699,7.179590363056988,5.870300000000001,2.585133889061936,-3.285166110938065
DANG-2020,DANG-CUBIC-T240,published_table_4_assignment,False,4.0,0.9587330406221037,-3.0412669593778965,95.9,78.18595853287732,-17.714041467122684,3.836,0.7495946175817919,-3.086405382418208
DANG-2020,DANG-CUBIC-T240,published_prose_swapped_assignment,False,4.0,1.3462929768586835,-2.6537070231413162,95.9,78.17825692874567,-17.721743071254338,3.836,1.05250838246224,-2.7834916175377598
DANG-2020,DANG-CUBIC-T260,published_table_4_assignment,False,6.0,1.922906998206768,-4.077093001793232,94.0,75.2459953701014,-18.754004629898603,5.64,1.4469105108420204,-4.1930894891579795
DANG-2020,DANG-CUBIC-T260,published_prose_swapped_assignment,False,6.0,2.3600389332282323,-3.6399610667717677,94.0,75.23010479192507,-18.769895208074928,5.64,1.7754597625978297,-3.86454023740217
DANG-2020,DANG-CUBIC-T280,published_table_4_assignment,False,8.5,3.619351989356359,-4.880648010643641,90.0,72.17897358793817,-17.821026412061826,7.65,2.612411116452041,-5.03758888354796
DANG-2020,DANG-CUBIC-T280,published_prose_swapped_assignment,False,8.5,3.9670142707194067,-4.532985729280593,90.0,72.14640312916141,-17.853596870838587,7.65,2.862058107944586,-4.787941892055414
DANG-2020,DANG-CUBIC-T300,published_table_4_assignment,False,12.0,6.343970469166795,-5.656029530833205,71.9,68.58827850525043,-3.3117214947495768,8.628,4.351220133682964,-4.276779866317036
DANG-2020,DANG-CUBIC-T300,published_prose_swapped_assignment,False,12.0,6.343970469166795,-5.656029530833205,71.9,68.58827850525043,-3.3117214947495768,8.628,4.351220133682964,-4.276779866317036
DANG-2020,DANG-CUBIC-T320,published_table_4_assignment,False,17.0,9.932109959698128,-7.067890040301872,60.0,62.70432817692823,2.704328176928229,10.2,6.227862824022488,-3.9721371759775117
DANG-2020,DANG-CUBIC-T320,published_prose_swapped_assignment,False,17.0,9.358875311892426,-7.641124688107574,60.0,63.24568848274728,3.2456884827472834,10.2,5.919085125248228,-4.280914874751772
DANG-2020,DANG-CUBIC-T340,published_table_4_assignment,False,22.0,12.942762949539253,-9.057237050460747,40.0,49.84325502098709,9.843255020987087,8.8,6.45109434370068,-2.348905656299321
DANG-2020,DANG-CUBIC-T340,published_prose_swapped_assignment,False,22.0,12.060158093536824,-9.939841906463176,40.0,52.73764989457308,12.737649894573082,8.8,6.36024395210147,-2.4397560478985305
DANG-2020,DANG-CUBIC-T360,published_table_4_assignment,False,27.0,15.109478727738725,-11.890521272261275,17.8,28.56590786242578,10.765907862425781,4.806,4.3161597718586675,-0.48984022814133255
DANG-2020,DANG-CUBIC-T360,published_prose_swapped_assignment,False,27.0,13.893405736664166,-13.106594263335834,17.8,34.44645472821401,16.646454728214007,4.806,4.78578571728711,-0.02021428271288972
DANG-2020,DANG-HEXAGONAL-T240,published_table_4_assignment,False,3.2,0.9587330406221037,-2.2412669593778967,97.9,78.18595853287732,-19.714041467122684,3.1328000000000005,0.7495946175817919,-2.3832053824182085
DANG-2020,DANG-HEXAGONAL-T240,published_prose_swapped_assignment,False,3.2,1.3462929768586835,-1.8537070231413166,97.9,78.17825692874567,-19.721743071254338,3.1328000000000005,1.05250838246224,-2.0802916175377604
DANG-2020,DANG-HEXAGONAL-T260,published_table_4_assignment,False,5.0,1.922906998206768,-3.077093001793232,96.0,75.2459953701014,-20.754004629898603,4.8,1.4469105108420204,-3.3530894891579797
DANG-2020,DANG-HEXAGONAL-T260,published_prose_swapped_assignment,False,5.0,2.3600389332282323,-2.6399610667717677,96.0,75.23010479192507,-20.769895208074928,4.8,1.7754597625978297,-3.02454023740217
DANG-2020,DANG-HEXAGONAL-T280,published_table_4_assignment,False,7.0,3.619351989356359,-3.380648010643641,92.0,72.17897358793817,-19.821026412061826,6.44,2.612411116452041,-3.8275888835479592
DANG-2020,DANG-HEXAGONAL-T280,published_prose_swapped_assignment,False,7.0,3.9670142707194067,-3.0329857292805933,92.0,72.14640312916141,-19.853596870838587,6.44,2.862058107944586,-3.5779418920554145
DANG-2020,DANG-HEXAGONAL-T300,published_table_4_assignment,False,7.5,6.343970469166795,-1.1560295308332051,85.4,68.58827850525043,-16.811721494749577,6.405,4.351220133682964,-2.0537798663170364
DANG-2020,DANG-HEXAGONAL-T300,published_prose_swapped_assignment,False,7.5,6.343970469166795,-1.1560295308332051,85.4,68.58827850525043,-16.811721494749577,6.405,4.351220133682964,-2.0537798663170364
DANG-2020,DANG-HEXAGONAL-T320,published_table_4_assignment,False,11.0,9.932109959698128,-1.0678900403018723,82.0,62.70432817692823,-19.29567182307177,9.02,6.227862824022488,-2.792137175977512
DANG-2020,DANG-HEXAGONAL-T320,published_prose_swapped_assignment,False,11.0,9.358875311892426,-1.641124688107574,82.0,63.24568848274728,-18.754311517252717,9.02,5.919085125248228,-3.100914874751772
DANG-2020,DANG-HEXAGONAL-T340,published_table_4_assignment,False,13.0,12.942762949539253,-0.05723705046074734,78.0,49.84325502098709,-28.156744979012913,10.14,6.45109434370068,-3.6889056562993208
DANG-2020,DANG-HEXAGONAL-T340,published_prose_swapped_assignment,False,13.0,12.060158093536824,-0.939841906463176,78.0,52.73764989457308,-25.26235010542692,10.14,6.36024395210147,-3.7797560478985304
DANG-2020,DANG-HEXAGONAL-T360,published_table_4_assignment,False,15.4,15.109478727738725,-0.2905212722612749,73.4,28.56590786242578,-44.834092137574224,11.3036,4.3161597718586675,-6.987440228141332
DANG-2020,DANG-HEXAGONAL-T360,published_prose_swapped_assignment,False,15.4,13.893405736664166,-1.5065942633358347,73.4,34.44645472821401,-38.953545271786,11.3036,4.78578571728711,-6.517814282712889
DANG-2020,DANG-HR-WHSV20000-R3,published_table_4_assignment,False,5.1,2.827763550985573,-2.2722364490144265,95.1,69.57435708369509,-25.525642916304903,4.850099999999999,1.967398310445279,-2.8827016895547204
DANG-2020,DANG-HR-WHSV20000-R3,published_prose_swapped_assignment,False,5.1,2.827763550985573,-2.2722364490144265,95.1,69.57435708369509,-25.525642916304903,4.850099999999999,1.967398310445279,-2.8827016895547204
DANG-2020,DANG-HR-WHSV20000-R4,published_table_4_assignment,False,6.7,3.7771603548668287,-2.9228396451331715,99.5,70.19239701969177,-29.307602980308232,6.6665,2.6512793923585227,-4.015220607641478
DANG-2020,DANG-HR-WHSV20000-R4,published_prose_swapped_assignment,False,6.7,3.7771603548668287,-2.9228396451331715,99.5,70.19239701969177,-29.307602980308232,6.6665,2.6512793923585227,-4.015220607641478
DANG-2020,DANG-HR-RATIO-1,published_table_4_assignment,False,4.2,1.8346729967080908,-2.3653270032919096,75.0,64.86651237346702,-10.133487626532983,3.15,1.1900883864223117,-1.9599116135776882
DANG-2020,DANG-HR-RATIO-1,published_prose_swapped_assignment,False,4.2,1.8346729967080908,-2.3653270032919096,75.0,64.86651237346702,-10.133487626532983,3.15,1.1900883864223117,-1.9599116135776882
DANG-2020,DANG-HR-RATIO-2,published_table_4_assignment,False,6.8,3.981563684045767,-2.8184363159542327,80.0,67.8819836065754,-12.118016393424597,5.44,2.702764407289307,-2.7372355927106935
DANG-2020,DANG-HR-RATIO-2,published_prose_swapped_assignment,False,6.8,3.981563684045767,-2.8184363159542327,80.0,67.8819836065754,-12.118016393424597,5.44,2.702764407289307,-2.7372355927106935
DANG-2020,DANG-HR-RATIO-3,published_table_4_assignment,False,9.3,6.14110988643703,-3.158890113562971,85.0,68.97213080335808,-16.027869196641916,7.905000000000001,4.235654343651303,-3.669345656348698
DANG-2020,DANG-HR-RATIO-3,published_prose_swapped_assignment,False,9.3,6.14110988643703,-3.158890113562971,85.0,68.97213080335808,-16.027869196641916,7.905000000000001,4.235654343651303,-3.669345656348698
DANG-2020,DANG-HR-RATIO-4,published_table_4_assignment,False,12.0,8.161630106026339,-3.8383698939736615,87.0,69.50779695388754,-17.492203046112465,10.44,5.672969282224143,-4.767030717775857
DANG-2020,DANG-HR-RATIO-4,published_prose_swapped_assignment,False,12.0,8.161630106026339,-3.8383698939736615,87.0,69.50779695388754,-17.492203046112465,10.44,5.672969282224143,-4.767030717775857
DANG-2020,DANG-HR-RATIO-6,published_table_4_assignment,False,17.6,11.637771422141032,-5.962228577858969,92.4,70.01883759565582,-22.38116240434418,16.262400000000003,8.148632271822574,-8.113767728177429
DANG-2020,DANG-HR-RATIO-6,published_prose_swapped_assignment,False,17.6,11.637771422141032,-5.962228577858969,92.4,70.01883759565582,-22.38116240434418,16.262400000000003,8.148632271822574,-8.113767728177429
DANG-2020,DANG-HR-SV-4500,published_table_4_assignment,False,9.5,11.42203211940923,1.9220321194092307,71.0,66.72604183543051,-4.273958164569493,6.745,7.621469930453312,0.8764699304533119
DANG-2020,DANG-HR-SV-4500,published_prose_swapped_assignment,False,9.5,11.42203211940923,1.9220321194092307,71.0,66.72604183543051,-4.273958164569493,6.745,7.621469930453312,0.8764699304533119
DANG-2020,DANG-HR-SV-6750,published_table_4_assignment,False,8.0,8.118596759519054,0.11859675951905402,79.0,68.41528307357761,-10.584716926422388,6.32,5.55436095462726,-0.7656390453727404
DANG-2020,DANG-HR-SV-6750,published_prose_swapped_assignment,False,8.0,8.118596759519054,0.11859675951905402,79.0,68.41528307357761,-10.584716926422388,6.32,5.55436095462726,-0.7656390453727404
DANG-2020,DANG-HR-SV-9000,published_table_4_assignment,False,7.5,6.228642473302129,-1.2713575266978712,85.0,69.00188230673105,-15.998117693268952,6.375,4.297880548734996,-2.0771194512650037
DANG-2020,DANG-HR-SV-9000,published_prose_swapped_assignment,False,7.5,6.228642473302129,-1.2713575266978712,85.0,69.00188230673105,-15.998117693268952,6.375,4.297880548734996,-2.0771194512650037
DANG-2020,DANG-HR-SV-11250,published_table_4_assignment,False,6.8,5.035343273670007,-1.764656726329993,89.0,69.27279864326495,-19.72720135673505,6.052,3.4881232069666086,-2.563876793033391
DANG-2020,DANG-HR-SV-11250,published_prose_swapped_assignment,False,6.8,5.035343273670007,-1.764656726329993,89.0,69.27279864326495,-19.72720135673505,6.052,3.4881232069666086,-2.563876793033391
DANG-2020,DANG-HR-SV-13500,published_table_4_assignment,False,6.0,4.220005839870333,-1.7799941601296672,93.0,69.42080772475364,-23.579192275246356,5.58,2.929562140069759,-2.650437859930241
DANG-2020,DANG-HR-SV-13500,published_prose_swapped_assignment,False,6.0,4.220005839870333,-1.7799941601296672,93.0,69.42080772475364,-23.579192275246356,5.58,2.929562140069759,-2.650437859930241
YANG-2020,YANG-CUBIC-T260,published_table_4_assignment,False,1.6,1.3493656635075284,-0.2506343364924717,85.0,73.93744760209027,-11.062552397909727,1.36,0.9976865304164766,-0.3623134695835235
YANG-2020,YANG-CUBIC-T260,published_prose_swapped_assignment,False,1.6,1.5769574387457514,-0.02304256125424864,85.0,73.93112530916756,-11.068874690832445,1.36,1.1658623801113608,-0.1941376198886393
YANG-2020,YANG-CUBIC-T280,published_table_4_assignment,False,2.8,2.4820752012228975,-0.31792479877710234,60.0,70.85809082894473,10.858090828944725,1.68,1.7587511005252334,0.07875110052523349
YANG-2020,YANG-CUBIC-T280,published_prose_swapped_assignment,False,2.8,2.6581978841960803,-0.14180211580391955,60.0,70.84669713759979,10.84669713759979,1.68,1.8832454043344826,0.20324540433448268
YANG-2020,YANG-CUBIC-T300,published_table_4_assignment,False,4.5,4.303330246464009,-0.19666975353599092,50.0,67.58303628999973,17.583036289999725,2.25,2.9083212421463056,0.6583212421463056
YANG-2020,YANG-CUBIC-T300,published_prose_swapped_assignment,False,4.5,4.303330246464009,-0.19666975353599092,50.0,67.58303628999973,17.583036289999725,2.25,2.9083212421463056,0.6583212421463056
YANG-2020,YANG-CUBIC-T320,published_table_4_assignment,False,7.5,6.944501314947119,-0.5554986850528811,35.0,63.45340266948626,28.45340266948626,2.625,4.406522382761163,1.781522382761163
YANG-2020,YANG-CUBIC-T320,published_prose_swapped_assignment,False,7.5,6.616168771401018,-0.8838312285989822,35.0,63.612042090860896,28.612042090860896,2.625,4.2086800636660096,1.5836800636660096
YANG-2020,YANG-CUBIC-T340,published_table_4_assignment,False,11.8,10.019659437544778,-1.7803405624552227,20.0,56.32656573993157,36.32656573993157,2.36,5.643730060005917,3.2837300600059174
YANG-2020,YANG-CUBIC-T340,published_prose_swapped_assignment,False,11.8,9.35397490139661,-2.446025098603391,20.0,57.28262959187212,37.28262959187212,2.36,5.358202794883706,2.998202794883706
YANG-2020,YANG-CUBIC-T360,published_table_4_assignment,False,17.02,12.474909389822223,-4.545090610177777,14.0,42.40118141791454,28.401181417914543,2.3828,5.289508962098977,2.906708962098977
YANG-2020,YANG-CUBIC-T360,published_prose_swapped_assignment,False,17.02,11.708122269873495,-5.311877730126504,14.0,45.3548640006264,31.3548640006264,2.3828,5.310202932528176,2.927402932528176
YANG-2020,YANG-RHOMBOHEDRAL-T260,published_table_4_assignment,False,0.8,1.3493656635075284,0.5493656635075284,89.0,73.93744760209027,-15.062552397909727,0.7120000000000001,0.9976865304164766,0.2856865304164765
YANG-2020,YANG-RHOMBOHEDRAL-T260,published_prose_swapped_assignment,False,0.8,1.5769574387457514,0.7769574387457514,89.0,73.93112530916756,-15.068874690832445,0.7120000000000001,1.1658623801113608,0.4538623801113607
YANG-2020,YANG-RHOMBOHEDRAL-T280,published_table_4_assignment,False,1.8,2.4820752012228975,0.6820752012228974,60.0,70.85809082894473,10.858090828944725,1.08,1.7587511005252334,0.6787511005252334
YANG-2020,YANG-RHOMBOHEDRAL-T280,published_prose_swapped_assignment,False,1.8,2.6581978841960803,0.8581978841960802,60.0,70.84669713759979,10.84669713759979,1.08,1.8832454043344826,0.8032454043344825
YANG-2020,YANG-RHOMBOHEDRAL-T300,published_table_4_assignment,False,2.6,4.303330246464009,1.703330246464009,48.0,67.58303628999973,19.583036289999725,1.2480000000000002,2.9083212421463056,1.6603212421463054
YANG-2020,YANG-RHOMBOHEDRAL-T300,published_prose_swapped_assignment,False,2.6,4.303330246464009,1.703330246464009,48.0,67.58303628999973,19.583036289999725,1.2480000000000002,2.9083212421463056,1.6603212421463054
YANG-2020,YANG-RHOMBOHEDRAL-T320,published_table_4_assignment,False,3.9,6.944501314947119,3.044501314947119,37.0,63.45340266948626,26.45340266948626,1.4429999999999998,4.406522382761163,2.9635223827611634
YANG-2020,YANG-RHOMBOHEDRAL-T320,published_prose_swapped_assignment,False,3.9,6.616168771401018,2.716168771401018,37.0,63.612042090860896,26.612042090860896,1.4429999999999998,4.2086800636660096,2.76568006366601
YANG-2020,YANG-RHOMBOHEDRAL-T340,published_table_4_assignment,False,4.8,10.019659437544778,5.219659437544778,30.0,56.32656573993157,26.326565739931567,1.44,5.643730060005917,4.203730060005917
YANG-2020,YANG-RHOMBOHEDRAL-T340,published_prose_swapped_assignment,False,4.8,9.35397490139661,4.55397490139661,30.0,57.28262959187212,27.282629591872123,1.44,5.358202794883706,3.918202794883706
YANG-2020,YANG-RHOMBOHEDRAL-T360,published_table_4_assignment,False,5.7,12.474909389822223,6.774909389822223,19.0,42.40118141791454,23.401181417914543,1.083,5.289508962098977,4.206508962098977
YANG-2020,YANG-RHOMBOHEDRAL-T360,published_prose_swapped_assignment,False,5.7,11.708122269873495,6.008122269873495,19.0,45.3548640006264,26.3548640006264,1.083,5.310202932528176,4.227202932528176
YANG-2020,YANG-CUBIC-pressure-2,published_table_4_assignment,False,4.2,6.745137427987559,2.5451374279875587,9.0,44.28724283752575,35.28724283752575,0.378,2.987235392457689,2.609235392457689
YANG-2020,YANG-CUBIC-pressure-2,published_prose_swapped_assignment,False,4.2,6.522030136194198,2.322030136194198,9.0,45.0431384663841,36.0431384663841,0.378,2.937727065065252,2.559727065065252
YANG-2020,YANG-CUBIC-pressure-3,published_table_4_assignment,False,7.5,8.55418640947295,1.0541864094729494,16.0,51.37567307022641,35.37567307022641,1.2,4.394770843548561,3.194770843548561
YANG-2020,YANG-CUBIC-pressure-3,published_prose_swapped_assignment,False,7.5,8.113202237027476,0.6132022370274761,16.0,52.31114947042723,36.31114947042723,1.2,4.244109349049489,3.0441093490494886
YANG-2020,YANG-CUBIC-pressure-4,published_table_4_assignment,False,10.0,10.019659437544778,0.019659437544778058,18.0,56.32656573993157,38.32656573993157,1.8,5.643730060005917,3.8437300600059174
YANG-2020,YANG-CUBIC-pressure-4,published_prose_swapped_assignment,False,10.0,9.35397490139661,-0.6460250986033902,18.0,57.28262959187212,39.28262959187212,1.8,5.358202794883706,3.558202794883706
YANG-2020,YANG-CUBIC-pressure-5,published_table_4_assignment,False,12.3,11.25237872886878,-1.04762127113122,19.0,60.01670398338511,41.01670398338511,2.337,6.753306832794569,4.416306832794568
YANG-2020,YANG-CUBIC-pressure-5,published_prose_swapped_assignment,False,12.3,10.363287220724434,-1.9367127792755667,19.0,60.93178172707193,41.93178172707193,2.337,6.314535549081351,3.977535549081351
YANG-2020,YANG-RHOMBOHEDRAL-pressure-2,published_table_4_assignment,False,1.6,6.745137427987559,5.145137427987558,24.0,44.28724283752575,20.287242837525753,0.384,2.987235392457689,2.603235392457689
YANG-2020,YANG-RHOMBOHEDRAL-pressure-2,published_prose_swapped_assignment,False,1.6,6.522030136194198,4.9220301361941985,24.0,45.0431384663841,21.0431384663841,0.384,2.937727065065252,2.553727065065252
YANG-2020,YANG-RHOMBOHEDRAL-pressure-3,published_table_4_assignment,False,2.8,8.55418640947295,5.75418640947295,25.0,51.37567307022641,26.375673070226412,0.7,4.394770843548561,3.694770843548561
YANG-2020,YANG-RHOMBOHEDRAL-pressure-3,published_prose_swapped_assignment,False,2.8,8.113202237027476,5.313202237027476,25.0,52.31114947042723,27.31114947042723,0.7,4.244109349049489,3.5441093490494886
YANG-2020,YANG-RHOMBOHEDRAL-pressure-4,published_table_4_assignment,False,4.8,10.019659437544778,5.219659437544778,30.0,56.32656573993157,26.326565739931567,1.44,5.643730060005917,4.203730060005917
YANG-2020,YANG-RHOMBOHEDRAL-pressure-4,published_prose_swapped_assignment,False,4.8,9.35397490139661,4.55397490139661,30.0,57.28262959187212,27.282629591872123,1.44,5.358202794883706,3.918202794883706
YANG-2020,YANG-RHOMBOHEDRAL-pressure-5,published_table_4_assignment,False,5.0,11.25237872886878,6.252378728868781,38.0,60.01670398338511,22.016703983385113,1.9,6.753306832794569,4.853306832794569
YANG-2020,YANG-RHOMBOHEDRAL-pressure-5,published_prose_swapped_assignment,False,5.0,10.363287220724434,5.363287220724434,38.0,60.93178172707193,22.93178172707193,1.9,6.314535549081351,4.414535549081352
YANG-2020,YANG-CUBIC-space_velocity-8000,published_table_4_assignment,False,15.0,14.878841884201325,-0.12115811579867497,16.0,42.934269350286364,26.934269350286364,2.4,6.388122050766219,3.988122050766219
YANG-2020,YANG-CUBIC-space_velocity-8000,published_prose_swapped_assignment,False,15.0,14.28466756411927,-0.7153324358807307,16.0,45.342381383753825,29.342381383753825,2.4,6.477008446324335,4.077008446324335
YANG-2020,YANG-CUBIC-space_velocity-24000,published_table_4_assignment,False,11.5,7.261462263952957,-4.238537736047043,18.0,59.52294430604472,41.52294430604472,2.07,4.322236139177172,2.2522361391771724
YANG-2020,YANG-CUBIC-space_velocity-24000,published_prose_swapped_assignment,False,11.5,6.689843429955043,-4.810156570044957,18.0,59.97626078709164,41.97626078709164,2.07,4.012317941797953,1.942317941797953
YANG-2020,YANG-CUBIC-space_velocity-32000,published_table_4_assignment,False,7.8,5.623099095395417,-2.176900904604583,20.0,60.67998621502044,40.67998621502044,1.56,3.412095755942878,1.852095755942878
YANG-2020,YANG-CUBIC-space_velocity-32000,published_prose_swapped_assignment,False,7.8,5.150689315720769,-2.6493106842792304,20.0,60.93924886243881,40.93924886243881,1.56,3.138791380238126,1.5787913802381262
YANG-2020,YANG-RHOMBOHEDRAL-space_velocity-8000,published_table_4_assignment,False,5.2,14.878841884201325,9.678841884201326,22.0,42.934269350286364,20.934269350286364,1.144,6.388122050766219,5.244122050766219
YANG-2020,YANG-RHOMBOHEDRAL-space_velocity-8000,published_prose_swapped_assignment,False,5.2,14.28466756411927,9.084667564119268,22.0,45.342381383753825,23.342381383753825,1.144,6.477008446324335,5.333008446324335
YANG-2020,YANG-RHOMBOHEDRAL-space_velocity-24000,published_table_4_assignment,False,4.1,7.261462263952957,3.1614622639529575,28.0,59.52294430604472,31.52294430604472,1.148,4.322236139177172,3.1742361391771725
YANG-2020,YANG-RHOMBOHEDRAL-space_velocity-24000,published_prose_swapped_assignment,False,4.1,6.689843429955043,2.5898434299550432,28.0,59.97626078709164,31.97626078709164,1.148,4.012317941797953,2.864317941797953
YANG-2020,YANG-RHOMBOHEDRAL-space_velocity-32000,published_table_4_assignment,False,3.4,5.623099095395417,2.223099095395417,40.0,60.67998621502044,20.679986215020442,1.36,3.412095755942878,2.0520957559428776
YANG-2020,YANG-RHOMBOHEDRAL-space_velocity-32000,published_prose_swapped_assignment,False,3.4,5.150689315720769,1.7506893157207695,40.0,60.93924886243881,20.93924886243881,1.36,3.138791380238126,1.778791380238126
